{
  "synthetic_dummy": false,
  "task": "urban-traffic-forecasting",
  "phase": "Phase 2-B — STGNN 학습 + RQ1 절제",
  "note": "SOTA 재현 아님(원리 재현). 결측=0 masked MAE/RMSE/MAPE. 논문값은 reference_only.",
  "dataset": {
    "name": "PEMS-BAY",
    "id": "pems-bay",
    "shape_T_N": [
      52116,
      325
    ],
    "sample_freq_min": 5,
    "source": "liyaguang/DCRNN (연구용 공개)"
  },
  "protocol": {
    "seq_len_in": 12,
    "horizon": 12,
    "horizons_steps": [
      3,
      6,
      12
    ],
    "horizons_minutes": {
      "h3": 15,
      "h6": 30,
      "h12": 60
    },
    "split_windows": {
      "train": 36465,
      "val": 5209,
      "test": 10419
    },
    "eval_split": "test",
    "features": [
      "zscore_speed",
      "time_of_day"
    ],
    "loss": "masked_mae(원 단위)",
    "adj_edge_density": 0.0255
  },
  "run": {
    "seed": 42,
    "git_commit": "693178be7b93b5a1a026f0c43f168f21d0f599d5",
    "timestamp_utc": "20260704T082908Z",
    "epochs_cap": 50,
    "batch_size": 256,
    "lr": 0.001,
    "weight_decay": 0.0001,
    "early_stop_patience": 10,
    "hardware": {
      "platform": "Windows-11-10.0.26200-SP0",
      "device": "cuda",
      "gpu": "NVIDIA GeForce RTX 3060",
      "cuda_fallback_to_cpu": false
    }
  },
  "stgnn_test": {
    "fixed": {
      "at_horizons": {
        "horizons": [
          3,
          6,
          12
        ],
        "mae": {
          "h3": 1.4752915131833089,
          "h6": 1.9800020396013718,
          "h12": 2.64693043456048
        },
        "rmse": {
          "h3": 3.105629622084711,
          "h6": 4.431802029176531,
          "h12": 5.901516253676324
        },
        "mape": {
          "h3": 3.1131059964539802,
          "h6": 4.445373848968144,
          "h12": 6.435106382120343
        }
      },
      "per_step": {
        "per_step": {
          "mae": [
            0.9423619510711355,
            1.2431363096153412,
            1.4752915131833089,
            1.6669023747086813,
            1.832325060002267,
            1.9800020396013718,
            2.1141824267290774,
            2.2376304850095794,
            2.3492341026739996,
            2.4546956412114382,
            2.5509927597317494,
            2.64693043456048
          ],
          "rmse": [
            1.715189900480787,
            2.468897709832358,
            3.105629622084711,
            3.6296807984860577,
            4.065272882995028,
            4.431802029176531,
            4.748787535301377,
            5.025238520069341,
            5.269177847058111,
            5.4983375788851,
            5.701786011557693,
            5.901516253676324
          ],
          "mape": [
            1.9014103625135996,
            2.557935418143316,
            3.1131059964539802,
            3.6054487098639836,
            4.046283572775933,
            4.445373848968144,
            4.825022993010639,
            5.195274256329495,
            5.529158941991547,
            5.846163480426799,
            6.155026102470915,
            6.435106382120343
          ]
        },
        "mean": {
          "mae": 1.9578070915082024,
          "rmse": 4.296776390800285,
          "mape": 4.471275838755724
        }
      },
      "mae_divergence": {
        "slope": 0.14733757191469793,
        "final_over_first": 2.808825665713526,
        "monotonic_frac": 1.0
      },
      "train_meta": {
        "n_params": 15148,
        "best_val_mae": 2.184178272883097,
        "best_epoch": 45,
        "epochs_run": 50,
        "train_time_sec": 771.0,
        "peak_vram_gb": 2.22
      }
    },
    "learned": {
      "at_horizons": {
        "horizons": [
          3,
          6,
          12
        ],
        "mae": {
          "h3": 1.4326671151301802,
          "h6": 1.8663407693036878,
          "h12": 2.4003403331864854
        },
        "rmse": {
          "h3": 2.9621935063108413,
          "h6": 4.05539644293632,
          "h12": 5.251757415197859
        },
        "mape": {
          "h3": 3.0831501027166675,
          "h6": 4.3441569932751944,
          "h12": 5.985404661043615
        }
      },
      "per_step": {
        "per_step": {
          "mae": [
            0.9389895752755499,
            1.2219771256527767,
            1.4326671151301802,
            1.602356070733819,
            1.7434066532730548,
            1.8663407693036878,
            1.9754558629800898,
            2.0701350845583892,
            2.164972980160502,
            2.2456402818627637,
            2.322687888653568,
            2.4003403331864854
          ],
          "rmse": [
            1.6888902665432457,
            2.3964718810744534,
            2.9621935063108413,
            3.4094200927073333,
            3.766401654369935,
            4.05539644293632,
            4.305992853874549,
            4.525160595631237,
            4.7355045790818835,
            4.924402308681776,
            5.089643500264317,
            5.251757415197859
          ],
          "mape": [
            1.9016691077820174,
            2.5402080206549904,
            3.0831501027166675,
            3.5504874761749163,
            3.9734450838763107,
            4.3441569932751944,
            4.669422583478113,
            4.96137350750399,
            5.27237377192212,
            5.533179474101493,
            5.7504399232482015,
            5.985404661043615
          ]
        },
        "mean": {
          "mae": 1.8320808117309053,
          "rmse": 3.9259362580561454,
          "mape": 4.29710922548147
        }
      },
      "mae_divergence": {
        "slope": 0.12438619687350112,
        "final_over_first": 2.556301365201096,
        "monotonic_frac": 1.0
      },
      "train_meta": {
        "n_params": 21648,
        "best_val_mae": 1.968866038890112,
        "best_epoch": 50,
        "epochs_run": 50,
        "train_time_sec": 778.8,
        "peak_vram_gb": 1.63
      }
    },
    "hybrid": {
      "at_horizons": {
        "horizons": [
          3,
          6,
          12
        ],
        "mae": {
          "h3": 1.431182991663307,
          "h6": 1.853417254127481,
          "h12": 2.368431176934879
        },
        "rmse": {
          "h3": 2.948083805686673,
          "h6": 4.030378342366178,
          "h12": 5.216789864867165
        },
        "mape": {
          "h3": 3.0912696944506806,
          "h6": 4.3007349813120515,
          "h12": 5.851797647297904
        }
      },
      "per_step": {
        "per_step": {
          "mae": [
            0.9478188036907925,
            1.2214727661894529,
            1.431182991663307,
            1.597024292045124,
            1.7337595331090678,
            1.853417254127481,
            1.9550077197724494,
            2.054172858961675,
            2.1403873321294817,
            2.2205709600192103,
            2.2930603492536137,
            2.368431176934879
          ],
          "rmse": [
            1.7140028616510443,
            2.3883024681689404,
            2.948083805686673,
            3.389069909924458,
            3.7355529299646184,
            4.030378342366178,
            4.271172288880217,
            4.49999984377367,
            4.7066348127243,
            4.882340707383458,
            5.053757022201719,
            5.216789864867165
          ],
          "mape": [
            1.9624299642182794,
            2.561293885471436,
            3.0912696944506806,
            3.5504873733062094,
            3.9504162200364346,
            4.3007349813120515,
            4.610310593556988,
            4.906379756327554,
            5.179058502391136,
            5.387740136751152,
            5.653043705749193,
            5.851797647297904
          ]
        },
        "mean": {
          "mae": 1.8180255031580448,
          "rmse": 3.9030070714660368,
          "mape": 4.250413538405751
        }
      },
      "mae_divergence": {
        "slope": 0.12089645376006394,
        "final_over_first": 2.498822736700562,
        "monotonic_frac": 1.0
      },