{
  "synthetic_dummy": false,
  "task": "task-02-traffic-stgnn",
  "phase": "Phase 1 — 실 데이터 기준선",
  "dataset": {
    "name": "METR-LA",
    "file": "metr-la.h5",
    "shape_T_N": [
      34272,
      207
    ],
    "sample_freq_min": 5,
    "null_val": 0.0,
    "missing_frac_pct": 8.11,
    "source": "liyaguang/DCRNN Google Drive (연구용 공개)"
  },
  "protocol": {
    "seq_len_in": 12,
    "horizon": 12,
    "horizons_steps": [
      3,
      6,
      12
    ],
    "horizons_minutes": {
      "h3": 15,
      "h6": 30,
      "h12": 60
    },
    "split_ratio": {
      "train": 0.7,
      "val": 0.1,
      "test": 0.2
    },
    "split_sizes_windows": {
      "num_windows": 34249,
      "n_train": 23974,
      "n_val": 3425,
      "n_test": 6850,
      "period": 2016
    },
    "eval_split": "test",
    "metric_masking": "null(=0) 제외 masked MAE/RMSE/MAPE(%)"
  },
  "run": {
    "seed": 42,
    "git_commit": "f152624f3c6cafd5cad929899a11a5d51b8617a7",
    "timestamp_utc": "20260704T035357Z",
    "hardware": {
      "platform": "Windows-11-10.0.26200-SP0",
      "processor": "Intel64 Family 6 Model 191 Stepping 2, GenuineIntel",
      "device": "CPU (기준선은 GPU 불필요)"
    },
    "scaler": {
      "mean": 58.5846,
      "std": 12.8223,
      "saved": "data/processed/scaler.json (gitignore)"
    }
  },
  "baselines_test": {
    "copy_last": {
      "at_horizons": {
        "horizons": [
          3,
          6,
          12
        ],
        "mae": {
          "h3": 4.016948705052636,
          "h6": 5.0937752681825135,
          "h12": 6.795155271896956
        },
        "rmse": {
          "h3": 8.693764093102919,
          "h6": 11.13221247463955,
          "h12": 14.208575522468848
        },
        "mape": {
          "h3": 9.394963545755207,
          "h6": 12.213261011917716,
          "h12": 16.713969358430187
        }
      },
      "per_step": {
        "per_step": {
          "mae": [
            3.048439819123935,
            3.598947193845961,
            4.016948705052636,
            4.391294108006323,
            4.746795957066261,
            5.0937752681825135,
            5.414938512906942,
            5.722986756366402,
            6.018049204069333,
            6.2863765638830955,
            6.5421573135920355,
            6.795155271896956
          ],
          "rmse": [
            6.075700245368819,
            7.621392328279651,
            8.693764093102919,
            9.591917684482427,
            10.398131927711596,
            11.13221247463955,
            11.768584524863796,
            12.358896287297032,
            12.909452272822861,
            13.371696075274269,
            13.798311217129166,
            14.208575522468848
          ],
          "mape": [
            6.841818860666196,
            8.29057648037051,
            9.394963545755207,
            10.381865095741166,
            11.312414792513083,
            12.213261011917716,
            13.047194935570733,
            13.862254651068007,
            14.623413637615638,
            15.336812671414366,
            16.020506796635964,
            16.713969358430187
          ]
        },
        "mean": {
          "mae": 5.139655389499366,
          "rmse": 10.994052887786745,
          "mape": 12.336587653141564
        }
      },
      "mae_divergence": {
        "slope": 0.3320708643110875,
        "final_over_first": 2.229060002847541,
        "monotonic_frac": 1.0
      }
    },
    "seasonal_historical_average": {
      "at_horizons": {
        "horizons": [
          3,
          6,
          12
        ],
        "mae": {
          "h3": 4.1866710458784695,
          "h6": 4.18669909067637,
          "h12": 4.186862041359562
        },
        "rmse": {
          "h3": 7.85202594819729,
          "h6": 7.85210397593569,
          "h12": 7.85227355696106
        },
        "mape": {
          "h3": 13.033502070012803,
          "h6": 13.033539104808451,
          "h12": 13.033811767651091
        }
      },
      "per_step": {
        "per_step": {
          "mae": [
            4.186907771614286,
            4.186786276696109,
            4.1866710458784695,
            4.186649703219917,
            4.186549251693391,
            4.18669909067637,
            4.18670636823537,
            4.18674291180329,
            4.186796812772921,
            4.18676744801663,
            4.18683931633414,
            4.186862041359562
          ],
          "rmse": [
            7.852068546817096,
            7.852048881686269,
            7.85202594819729,
            7.852027756637335,
            7.85199896545926,
            7.85210397593569,
            7.852130416669049,
            7.852156926833712,
            7.852180648635429,
            7.852196695848837,
            7.852247540014858,
            7.85227355696106
          ],
          "mape": [
            13.033951296717921,
            13.03372413683855,
            13.033502070012803,
            13.03343782391251,
            13.033247671304352,
            13.033539104808451,
            13.03354517350099,
            13.033617624171573,
            13.033698797220685,
            13.03365047670106,
            13.033766228877772,
            13.033811767651091
          ]
        },
        "mean": {
          "mae": 4.1867481698583715,
          "rmse": 7.852121654974657,
          "mape": 13.033624347643146
        }
      },
      "mae_divergence": {
        "slope": 6.89840755636315e-06,
        "final_over_first": 0.9999890777974537,
        "monotonic_frac": 0.5454545454545454
      }
    }
  },
  "reference_only": {
    "note": "DCRNN 논문(Li+ 2018, Table 1) METR-LA test 값. subset 동일(full METR-LA)이나 구현 세부(HA 주기/결측처리) 차이로 직접 비교는 주의. 우리 결과로 옮겨 적지 않음.",
    "historical_average_paper": {
      "mae": {
        "h3": 4.16,
        "h6": 4.16,
        "h12": 4.16
      },
      "rmse": {
        "h3": 7.8,
        "h6": 7.8,
        "h12": 7.8
      },
      "mape_pct": {
        "h3": 13.0,
        "h6": 13.0,
        "h12": 13.0
      }
    },
    "copy_last_paper": "논문 미보고(우리 기준선). 참조값 없음."
  }
}