{
  "synthetic_dummy": false,
  "task": "task-02-traffic-stgnn",
  "phase": "Phase 2-B — STGNN 학습 + RQ1 절제",
  "note": "SOTA 재현 아님(원리 재현). 결측=0 masked MAE/RMSE/MAPE. 논문값은 reference_only.",
  "dataset": {
    "name": "METR-LA",
    "shape_T_N": [
      34272,
      207
    ],
    "sample_freq_min": 5,
    "source": "liyaguang/DCRNN (연구용 공개)"
  },
  "protocol": {
    "seq_len_in": 12,
    "horizon": 12,
    "horizons_steps": [
      3,
      6,
      12
    ],
    "horizons_minutes": {
      "h3": 15,
      "h6": 30,
      "h12": 60
    },
    "split_windows": {
      "train": 23974,
      "val": 3425,
      "test": 6850
    },
    "eval_split": "test",
    "features": [
      "zscore_speed",
      "time_of_day"
    ],
    "loss": "masked_mae(원 단위)",
    "adj_edge_density": 0.0402
  },
  "run": {
    "seed": 42,
    "git_commit": "ed0d168a5bda7f00564766a4db8071e1c8c9e8ce",
    "timestamp_utc": "20260704T053515Z",
    "epochs_cap": 50,
    "batch_size": 256,
    "lr": 0.001,
    "weight_decay": 0.0001,
    "early_stop_patience": 10,
    "hardware": {
      "platform": "Windows-11-10.0.26200-SP0",
      "device": "cuda",
      "gpu": "NVIDIA GeForce RTX 3060",
      "cuda_fallback_to_cpu": false
    }
  },
  "stgnn_test": {
    "fixed": {
      "at_horizons": {
        "horizons": [
          3,
          6,
          12
        ],
        "mae": {
          "h3": 3.111927162622701,
          "h6": 3.7951662046408403,
          "h12": 4.8885562316947215
        },
        "rmse": {
          "h3": 5.992531680404147,
          "h6": 7.526513970193157,
          "h12": 9.499648586424346
        },
        "mape": {
          "h3": 8.190114923527402,
          "h6": 10.520172412072473,
          "h12": 14.379481119670224
        }
      },
      "per_step": {
        "per_step": {
          "mae": [
            2.46772378686548,
            2.8326069423583276,
            3.111927162622701,
            3.35805689976691,
            3.581894562398471,
            3.7951662046408403,
            4.0002969267983755,
            4.187535476487129,
            4.3708760442363594,
            4.545775367145603,
            4.719909428418512,
            4.8885562316947215
          ],
          "rmse": [
            4.26055808750214,
            5.266206997135333,
            5.992531680404147,
            6.573344934484145,
            7.080651673156495,
            7.526513970193157,
            7.932318737513709,
            8.300990792941244,
            8.635367776584701,
            8.953127856550703,
            9.23206288664754,
            9.499648586424346
          ],
          "mape": [
            6.0826843067802745,
            7.251080100448096,
            8.190114923527402,
            9.02129367170458,
            9.773734187019164,
            10.520172412072473,
            11.209971335165482,
            11.898501110364663,
            12.53181617614397,
            13.11142277569393,
            13.74374806574306,
            14.379481119670224
          ]
        },
        "mean": {
          "mae": 3.821693752786119,
          "rmse": 7.4377769982948045,
          "mape": 10.642835015361108
        }
      },
      "mae_divergence": {
        "slope": 0.21237051009123897,
        "final_over_first": 1.9809981399515542,
        "monotonic_frac": 1.0
      },
      "train_meta": {
        "n_params": 15148,
        "best_val_mae": 3.4679179191589355,
        "best_epoch": 50,
        "epochs_run": 50,
        "train_time_sec": 319.5,
        "peak_vram_gb": 1.38
      }
    },
    "learned": {
      "at_horizons": {
        "horizons": [
          3,
          6,
          12
        ],
        "mae": {
          "h3": 2.9983579562722005,
          "h6": 3.498658157998604,
          "h12": 4.275855435259541
        },
        "rmse": {
          "h3": 5.688246379298107,
          "h6": 6.818567794869524,
          "h12": 8.295765945999209
        },
        "mape": {
          "h3": 8.065939520818038,
          "h6": 9.990897069579402,
          "h12": 13.087755125768064
        }
      },
      "per_step": {
        "per_step": {
          "mae": [
            2.489954970136931,
            2.782218276942923,
            2.9983579562722005,
            3.1821732420270896,
            3.3446979042296894,
            3.498658157998604,
            3.6423403421842786,
            3.7765369736431906,
            3.9067000813901305,
            4.028829806422577,
            4.152861869375456,
            4.275855435259541
          ],
          "rmse": [
            4.295117987048631,
            5.140136812664907,
            5.688246379298107,
            6.122248934124083,
            6.503922450709827,
            6.818567794869524,
            7.1153099260857084,
            7.395418866176695,
            7.638776017799672,
            7.874524901889537,
            8.089560668038427,
            8.295765945999209
          ],
          "mape": [
            6.305730649018912,
            7.254575493377493,
            8.065939520818038,
            8.755395401647997,
            9.368812354973228,
            9.990897069579402,
            10.544295460051845,
            11.12236842341568,
            11.706073053841703,
            12.13771172885168,
            12.694602295049279,
            13.087755125768064
          ]
        },
        "mean": {
          "mae": 3.5065987513235513,
          "rmse": 6.748133057058695,
          "mape": 10.086179714699446
        }
      },
      "mae_divergence": {
        "slope": 0.15474067828159263,
        "final_over_first": 1.717242073267051,
        "monotonic_frac": 1.0
      },
      "train_meta": {
        "n_params": 19288,
        "best_val_mae": 3.219680121966771,
        "best_epoch": 49,
        "epochs_run": 50,
        "train_time_sec": 314.5,
        "peak_vram_gb": 1.0
      }
    },
    "hybrid": {
      "at_horizons": {
        "horizons": [
          3,
          6,
          12
        ],
        "mae": {
          "h3": 3.007262677790441,
          "h6": 3.5247236522488308,
          "h12": 4.30720425708277
        },
        "rmse": {
          "h3": 5.664968342007272,
          "h6": 6.849065522015889,
          "h12": 8.329271183163874
        },
        "mape": {
          "h3": 8.14535574966385,
          "h6": 10.079944000633757,
          "h12": 13.170599836835029
        }
      },
      "per_step": {
        "per_step": {
          "mae": [
            2.4753180078676924,
            2.77641762070754,
            3.007262677790441,
            3.197644832265879,
            3.363560528652611,
            3.5247236522488308,
            3.6705204268421516,
            3.808534076782808,
            3.9394942536042823,
            4.063626835222997,
            4.185295571131647,
            4.30720425708277
          ],
          "rmse": [
            4.232235858892909,
            5.085748665786903,
            5.664968342007272,
            6.126607686623648,
            6.51328540482248,
            6.849065522015889,
            7.153469168781015,
            7.425775402450496,
            7.667734641106886,
            7.904298388154742,
            8.121164034598978,
            8.329271183163874
          ],
          "mape": [
            6.2782180343924185,
            7.269170532874328,
            8.14535574966385,
            8.821739694675513,
            9.392842678223436,
            10.079944000633757,
            10.586298475331741,
            11.151924345576296,
            11.700694618021906,
            12.20169550387399,
            12.694180660129142,
            13.170599836835029
          ]
        },
        "mean": {
          "mae": 3.5266335616833047,
          "rmse": 6.756135358200424,
          "mape": 10.124388677519283
        }
      },
      "mae_divergence": {
        "slope": 0.15879427945065258,
        "final_over_first": 1.740060971314597,
        "monotonic_frac": 1.0
      },