{
  "synthetic_dummy": false,
  "task": "urban-traffic-forecasting",
  "phase": "실 데이터 기준선",
  "dataset": {
    "name": "PEMS-BAY",
    "id": "pems-bay",
    "file": "pems-bay.h5",
    "shape_T_N": [
      52116,
      325
    ],
    "sample_freq_min": 5,
    "null_val": 0.0,
    "missing_frac_pct": 0.0,
    "source": "liyaguang/DCRNN Google Drive (연구용 공개)"
  },
  "protocol": {
    "seq_len_in": 12,
    "horizon": 12,
    "horizons_steps": [
      3,
      6,
      12
    ],
    "horizons_minutes": {
      "h3": 15,
      "h6": 30,
      "h12": 60
    },
    "split_ratio": {
      "train": 0.7,
      "val": 0.1,
      "test": 0.2
    },
    "split_sizes_windows": {
      "num_windows": 52093,
      "n_train": 36465,
      "n_val": 5209,
      "n_test": 10419,
      "period": 2016
    },
    "eval_split": "test",
    "metric_masking": "null(=0) 제외 masked MAE/RMSE/MAPE(%)"
  },
  "run": {
    "seed": 42,
    "git_commit": "693178be7b93b5a1a026f0c43f168f21d0f599d5",
    "timestamp_utc": "20260704T073940Z",
    "hardware": {
      "platform": "Windows-11-10.0.26200-SP0",
      "processor": "Intel64 Family 6 Model 191 Stepping 2, GenuineIntel",
      "device": "CPU (기준선은 GPU 불필요)"
    },
    "scaler": {
      "mean": 62.7377,
      "std": 9.4342,
      "saved": "data/processed/scaler.json (gitignore)"
    }
  },
  "baselines_test": {
    "copy_last": {
      "at_horizons": {
        "horizons": [
          3,
          6,
          12
        ],
        "mae": {
          "h3": 1.5976187536880258,
          "h6": 2.1789394020835466,
          "h12": 3.048304084102638
        },
        "rmse": {
          "h3": 3.4330041860173113,
          "h6": 4.985020603352885,
          "h12": 7.01452486876479
        },
        "mape": {
          "h3": 3.241473596308206,
          "h6": 4.6528362767155995,
          "h12": 6.8348221338255275
        }
      },
      "per_step": {
        "per_step": {
          "mae": [
            0.976387716563525,
            1.332866444297301,
            1.5976187536880258,
            1.8155052425340183,
            2.005183555141558,
            2.1789394020835466,
            2.3409769997147043,
            2.4944386197347987,
            2.6400480159529445,
            2.7798219292737834,
            2.9150329980466383,
            3.048304084102638
          ],
          "rmse": [
            1.858434777556465,
            2.7265829933202483,
            3.4330041860173113,
            4.026319776161755,
            4.535631148463607,
            4.985020603352885,
            5.390343636515699,
            5.760336000040738,
            6.101928222499761,
            6.421850891828091,
            6.724657732720754,
            7.01452486876479
          ],
          "mape": [
            1.8587187287793787,
            2.6355941114732335,
            3.241473596308206,
            3.7604010204556007,
            4.223372525444319,
            4.6528362767155995,
            5.056736857373778,
            5.441064027972442,
            5.807031396115278,
            6.159321813104645,
            6.499730191472924,
            6.8348221338255275
          ]
        },
        "mean": {
          "mae": 2.1770936467611235,
          "rmse": 4.914886236436842,
          "mape": 4.680925223253411
        }
      },
      "mae_divergence": {
        "slope": 0.17852628641356674,
        "final_over_first": 3.122022156148573,
        "monotonic_frac": 1.0
      }
    },
    "seasonal_historical_average": {
      "at_horizons": {
        "horizons": [
          3,
          6,
          12
        ],
        "mae": {
          "h3": 3.0285712808962026,
          "h6": 3.0272421346594998,
          "h12": 3.023863845724892
        },
        "rmse": {
          "h3": 5.84744727255031,
          "h6": 5.845809586393567,
          "h12": 5.841060018413616
        },
        "mape": {
          "h3": 7.130224070719918,
          "h6": 7.127169816893105,
          "h12": 7.120751689547407
        }
      },
      "per_step": {
        "per_step": {
          "mae": [
            3.0293103955311476,
            3.0289388742200285,
            3.0285712808962026,
            3.0281699666054362,
            3.0277167664574525,
            3.0272421346594998,
            3.026742748665934,
            3.026193232431861,
            3.0256128140621645,
            3.025013526914742,
            3.024441346817477,
            3.023863845724892
          ],
          "rmse": [
            5.8482328798336285,
            5.847839983756929,
            5.84744727255031,
            5.846989170561528,
            5.846427557130611,
            5.845809586393567,
            5.8451346456871445,
            5.844383552671782,
            5.843565082381431,
            5.842700226770339,
            5.841881630371549,
            5.841060018413616
          ],
          "mape": [
            7.132187932658736,
            7.131177686080924,
            7.130224070719918,
            7.1292486856449875,
            7.128201664670568,
            7.127169816893105,
            7.126130752309629,
            7.125004073432947,
            7.123870509449935,
            7.122738630583858,
            7.121728460190088,
            7.120751689547407
          ]
        },
        "mean": {
          "mae": 3.026818077748903,
          "rmse": 5.84512263387687,
          "mape": 7.126536164348507
        }
      },
      "mae_divergence": {
        "slope": -0.0005005238571633203,
        "final_over_first": 0.9982020496102709,
        "monotonic_frac": 0.0
      }
    }
  },
  "reference_only": {
    "note": "DCRNN 논문(Li+ 2018, Table 1) PEMS-BAY test HA 값. 구현 세부(HA 주기/결측처리) 차이로 직접 비교는 주의. 우리 결과로 옮겨 적지 않음.",
    "historical_average_paper": {
      "mae": {
        "h3": 2.88,
        "h6": 2.88,
        "h12": 2.88
      },
      "rmse": {
        "h3": 5.59,
        "h6": 5.59,
        "h12": 5.59
      },
      "mape_pct": {
        "h3": 6.8,
        "h6": 6.8,
        "h12": 6.8
      }
    },
    "copy_last_paper": "논문 미보고(우리 기준선). 참조값 없음."
  }
}